,title,source,description,url,publishedAt,content
0,"Cryptocurrencies: Navigating in the world of Blockchain Technology - Business, Finance, Investment & Marketing; Blogs, News & Articles",Bhaveshverma.com,"Cryptocurrencies: Navigating in the world of Blockchain Technology - Business, Finance, Investment & Marketing; Blogs, News & Articlesbhaveshverma.com",https://blog.bhaveshverma.com/cryptocurrencies-navigating-in-the-world-of-blockchain-technology/,1682082558,"Cryptocurrencies and blockchain technology are rapidly transforming the financial landscape, providing new opportunities for individuals and businesses alike. However, with so much hype and buzz surr [+7979 chars]"
1,Is Bitcoin Manipulated? Analyst Breaks Down Suspicious BTC Sell-off,Biztoc.com,"Bitcoin's moves on market may seem unnatural, especially when diving into on-chain and market metrics The recent Bitcoin (BTC) sell-off has raised concerns about potential market manipulation, particularly with regards to spot selling on Binance. A thorough e",https://biztoc.com/x/552cb68904726407,1682082130,"Bitcoin's moves on market may seem unnatural, especially when diving into on-chain and market metricsThe recent Bitcoin (BTC) sell-off has raised concerns about potential market manipulation, particu [+265 chars]"
2,"NFT Marketplaces Losing Users & Sales, Crypto Daily TV 21/4/2023",Crypto Daily,In Todays Headline TV CryptoDaily News:Ensuring client's best interestThe U.S. Securities and Exchange Commission is advising brokers and investment advisers they need to use heightened scrutiny when it comes to making crypto recommendations to ensure the ,https://cryptodaily.co.uk/2023/04/nft-marketplaces-are-losing-users-sales-crypto-daily-tv-21-4-2023,1682082000,"In Todays Headline TV CryptoDaily News:
Ensuring client's best interest
The U.S. Securities and Exchange Commission is advising brokers and investment advisers they need to use heightened scrutiny  [+3415 chars]"
3,"Fridays Top Analyst Upgrades and Downgrades: Alphabet, Citizens Financial, Emerson Electric, GE, Las Vega Sands, Medical Properties Trust, Microsoft, Nio, Tesla and More",24/7 Wall St.,"Friday's top analyst upgrades and downgrades included Alphabet, Chegg, Citizens Financial, Comstock Resources, Coterra Energy, CubeSmart, Emerson Electric, Fastly, General Electric, Las Vega Sands, Medical Properties Trust, Microsoft, Nio, Novavax, Raytheon T",https://247wallst.com/investing/2023/04/21/friday-upgrades-downgrades-alphabet-citizens-financial-coterra-energy-emerson-electric-general-electric-las-vega-sands-medical-properties-trust-microsoft-nio-novavax-raytheon-tesla/,1682081845,The futures traded lower after a dreadful Thursday that saw all the major indexes finish the day lower. The Dow Jones industrial average posted its first back-to-back losses in a month. Big-time earn [+3287 chars]
4,The Largest Long Liquidation of 2023: $260 Million Sold on April 19th,Biztoc.com,"According to Coinglass data, on April 19, approximately $260 million worth of longs were liquidated. This event marks the most significant liquidation for longs in 2023, indicating a significant shift in market sentiment. Furthermore, on April 14, roughly $25",https://biztoc.com/x/170547d9b703a4a3,1682081646,"According to Coinglass data, on April 19, approximately $260 million worth of longs were liquidated. This event marks the most significant liquidation for longs in 2023, indicating a significant shif [+240 chars]"
5,"Bitcoin, Ethereum Technical Analysis: BTC Falls Below $28,000 as Losses Intensify",Biztoc.com,"Bitcoins downturn continued on Friday, as prices fell for a third consecutive session, leading to a move below $28,000. Market sentiment has shifted in recent days, as traders began taking profits from last weeks high. Ethereum was also lower, and is now tr",https://biztoc.com/x/f0157947bfa2f057,1682081646,"Bitcoins downturn continued on Friday, as prices fell for a third consecutive session, leading to a move below $28,000. Market sentiment has shifted in recent days, as traders began taking profits fr [+285 chars]"
6,Ukraine plans to adopt EUs new cryptocurrency regulations,Biztoc.com,"Hot on the heels of the European Parliament passing the Markets in Crypto-Assets (MiCA) regulation, Ukrainian regulators have stated publicly that they will adopt the legislative package in their own country as well. The Deputy Chairman of the Tax Committee o",https://biztoc.com/x/7102caf68de31941,1682081526,"Hot on the heels of the European Parliament passing the Markets in Crypto-Assets (MiCA) regulation, Ukrainian regulators have stated publicly that they will adopt the legislative package in their own [+315 chars]"
7,Is Bitcoin Manipulated? Analyst Breaks Down Suspicious BTC Sell-off,U.Today,"Bitcoin's moves on market may seem unnatural, especially when diving into on-chain and market metrics",https://u.today/is-bitcoin-manipulated-analyst-breaks-down-suspicious-btc-sell-off,1682081520,Disclaimer: The opinion expressed here is not investment advice it is provided for informational purposes only. It does not necessarily reflect the opinion of U.Today. Every investment and all tradin [+2184 chars]
8,"Another bitcoin whale awakes, transfers $7.8 million after a decade of dormancy",Biztoc.com,"A bitcoin whale that has been inactive for a decade transferred 279 bitcoins  worth $7.8 million  to three fresh addresses today. The wallet in question received 1,128 bitcoins in October 2012 and May 2013, on-chain analyst account Lookonchain tweeted. The ",https://biztoc.com/x/9d0620db8b7f6ea4,1682081469,"A bitcoin whale that has been inactive for a decade transferred 279 bitcoins worth $7.8 million to three fresh addresses today.The wallet in question received 1,128 bitcoins in October 2012 and May 2 [+239 chars]"
9,"The central banks dilemma: inflation, stagflation, and the cryptocurrency response in todays economy",CryptoSlate,Explore the alarming possibility of stagflation in the current economy through an Alpha exclusive article. Delve into the three key metrics contributing to stagflation and how central banks find themselves in a precarious position. But as we uncover the chill,https://cryptoslate.com/insights/the-central-banks-dilemma-inflation-stagflation-and-the-cryptocurrency-response-in-todays-economy/,1682081436,"What is CryptoSlate Alpha?
A web3 membership designed to empower you with cutting-edge insights and knowledge. Learn more 
Connected to Alpha
Welcome! You are connected to CryptoSlate Alpha. To m [+972 chars]"
10,"Crypto price prediction: The Graph, BitTorrent, Toncoin",Coinjournal.net,Bitcoin price has pulled back in the past few days as the recent bullish momentum faded. The shake-up has seen the coin retreat in the past three straight days to reach a low of April 9. This decline led to a sharp decline in other coins. In this crypto price,https://coinjournal.net/news/crypto-price-prediction-the-graph-bittorrent-toncoin/,1682080553,"Bitcoin
 price has pulled back in the past few days as the recent bullish momentum faded. The shake-up has seen the coin retreat in the past three straight days to reach a low of April 9. This decli [+3860 chars]"
11,"Rich Dad, Poor Dad Author Explains Why He Loves Bitcoin",Biztoc.com,"Robert Kiyosaki, an accomplished American investor, businessman, motivational speaker, and author of the bestselling book Rich Dad, Poor Dad, recently expressed his admiration for Bitcoin (BTC) and lauded its ability to withstand the test of time. According",https://biztoc.com/x/f2f48e4b6260bc81,1682080475,"Robert Kiyosaki, an accomplished American investor, businessman, motivational speaker, and author of the bestselling book Rich Dad, Poor Dad, recently expressed his admiration for Bitcoin (BTC) and l [+313 chars]"
12,First Mover Americas: Bitcoin Falls to $28K,Biztoc.com,"Jenny will discuss developing crypto-linked investment products in a bear market, the mood among her clients and her lon... Jenny will discuss developing crypto-linked investment products in a bear market, the mood among her clients and her lon... This articl",https://biztoc.com/x/132ebb3ed43e6576,1682080460,"Jenny will discuss developing crypto-linked investment products in a bear market, the mood among her clients and her lon...Jenny will discuss developing crypto-linked investment products in a bear ma [+316 chars]"
13,Bitcoins mempool congestion eases after millionth Ordinals inscription,Biztoc.com,"The Bitcoin blockchains network congestion has been cooling since Ordinals, an iteration of non-fungible tokens (NFT) on the worlds first decentralized blockchain, surpassed its millionth inscription earlier this month. Bitcoins network congestion can be m",https://biztoc.com/x/01512f2cc86105c0,1682080327,"The Bitcoin blockchains network congestion has been cooling since Ordinals, an iteration of non-fungible tokens (NFT) on the worlds first decentralized blockchain, surpassed its millionth inscription [+312 chars]"
14,SAI.TECH Announces Appointments of CTO and COO for New Product Line ULTIAAS,Marketscreener.com,"(marketscreener.com) SINGAPORE, April 21, 2023 -- Today, SAI.TECH Global Corporation , a Sustainable Bitverse Operator announced its recent appointments of Harry Sun to be Chief Technology Officer and Tao Wu to be Chief Operating Officer of SAI.TECH's new Pro",https://www.marketscreener.com/quote/stock/SAI-TECH-GLOBAL-CORPORATI-137177506/news/SAI-TECH-Announces-Appointments-of-CTO-and-COO-for-New-Product-Line-ULTIAAS-43602956/?utm_medium=RSS&utm_content=20230421,1682080321,"SINGAPORE, April 21, 2023 (GLOBE NEWSWIRE) -- Today, SAI.TECH Global Corporation (""SAI.TECH"" OR ""SAI,"" NASDAQ: SAI), a Sustainable Bitverse Operator announced its recent appointments of Harry Sun to  [+5081 chars]"
15,SAI.TECH Announces Appointments of CTO and COO for New Product Line ULTIAAS,Yahoo Entertainment,"SINGAPORE, April 21, 2023 (GLOBE NEWSWIRE) -- Today, SAI.TECH Global Corporation (""SAI.TECH"" OR ""SAI,"" NASDAQ: SAI), a Sustainable Bitverse Operator...",https://finance.yahoo.com/news/sai-tech-announces-appointments-cto-123000060.html,1682080200,"SAI.TECH Global Corporation
SINGAPORE, April 21, 2023 (GLOBE NEWSWIRE) -- Today, SAI.TECH Global Corporation (""SAI.TECH"" OR ""SAI,"" NASDAQ: SAI), a Sustainable Bitverse Operator announced its recent  [+5107 chars]"
16,Bitcoins mempool congestion eases after millionth Ordinals inscription,Forkast.news,Bitcoin mempool congestion issues subsided after the Bitcoin network surpassed 1 million Ordinals inscriptions.,https://forkast.news/bitcoins-mempool-congestion-ordinals-inscription/,1682080173,"The Bitcoin blockchains network congestion has been cooling since Ordinals, an iteration of non-fungible tokens (NFT) on the worlds first decentralized blockchain, surpassed its millionth inscription [+2951 chars]"
17,First Mover Americas: Bitcoin Falls to $28K,CoinDesk,"The latest price moves in bitcoin (BTC) and crypto markets in context for April 21, 2023. First Mover is CoinDesks daily newsletter that contextualizes the latest actions in the crypto markets.",https://www.coindesk.com/markets/2023/04/21/first-mover-americas-bitcoin-falls-to-28k/,1682079872,"This article originally appeared in First Mover, CoinDesks daily newsletter putting the latest moves in crypto markets in context. Subscribe to get it in your inbox every day.
Bitcoin was down for a [+2122 chars]"
18,Ukraine plans to adopt EUs new cryptocurrency regulations,Cointelegraph,"Immediately after passing the European Parliament, Ukrainian authorities announced plans to adopt the EU's MiCA regulations on crypto assets.",https://cointelegraph.com/news/ukraine-plans-to-adopt-eu-s-new-cryptocurrency-regulations,1682079789,"Hot on the heels of the European Parliament passing the Markets in Crypto-Assets (MiCA) regulation, Ukrainian regulators have stated publicly that they will adopt the legislative package in their own [+1790 chars]"
19,Expert predicts major pullback for Bitcoin and Ethereum as US recession looms,Biztoc.com,"could be facing resistance at key round number levels of $30,000 and $2,000, with the potential for a stock market downturn with the Federal Reserve tightening into a recession that could affect all risk assets. Bitcoin and Ethereum have had a pivotal status ",https://biztoc.com/x/cdcb7c1b7b2b33d2,1682079726,"and Ethereum (ETH) could be facing resistance at key round number levels of $30,000 and $2,000, with the potential for a stock market downturn with the Federal Reserve tightening into a recession tha [+322 chars]"
20,Is Bitcoin Bull Market Here? This Metric Says No,Biztoc.com,A pattern in the Bitcoin exchange reserve ratio that has historically preceded the start of bull runs hasnt formed for the cryptocurrency yet. Bitcoin Exchange Reserve Ratio Has Continued To Decline Recently As pointed out by an analyst in a CryptoQuant post,https://biztoc.com/x/4275846d88a6d6b8,1682079607,A pattern in the Bitcoin exchange reserve ratio that has historically preceded the start of bull runs hasnt formed for the cryptocurrency yet.Bitcoin Exchange Reserve Ratio Has Continued To Decline R [+251 chars]
21,Confusing data,Marketscreener.com,(marketscreener.com) Wall Street struggled in early trading as investors are getting confused by the mixed economic data released in the past few days. Its the usual conundrum: data showing that the economy and the job market are cooling fuels fear of recess,https://www.marketscreener.com/news/latest/Confusing-data--43602809/?utm_medium=RSS&utm_content=20230421,1682079199,Wall Street struggled in early trading as investors are getting confused by the mixed economic data released in the past few days. It's the usual conundrum: data showing that the economy and the job  [+6420 chars]
22,Expert predicts major pullback for Bitcoin and Ethereum as US recession looms,Finbold.com,"Bitcoin (BTC) and Ethereum (ETH) could be facing resistance at key round number levels of $30,000 and $2,000, with the  ContinuedThe post Expert predicts major pullback for Bitcoin and Ethereum as US recession looms appeared first on Finbold.",https://finbold.com/expert-predicts-major-pullback-for-bitcoin-and-ethereum-as-us-recession-looms/,1682079190,"Bitcoin (BTC) and Ethereum (ETH) could be facing resistance at key round number levels of $30,000 and $2,000, with the potential for a stock market downturn with the Federal Reserve tightening into a [+2370 chars]"
23,Is Bitcoin Bull Market Here? This Metric Says No,Bitcoinist,A pattern in the Bitcoin exchange reserve ratio that has historically preceded the start of bull runs hasnt formed for the cryptocurrency yet. Bitcoin Exchange Reserve Ratio Has Continued To Decline Recently As pointed out by an analyst in a CryptoQuant post,https://bitcoinist.com/is-bitcoin-bull-market-here-this-metric-says-no/,1682078777,"A pattern in the Bitcoin exchange reserve ratio that has historically preceded the start of bull runs hasnt formed for the cryptocurrency yet.
Bitcoin Exchange Reserve Ratio Has Continued To Declin [+2909 chars]"
24,Solana Now Measures Network Carbon Emissions Data in Real Time,Biztoc.com,"Solana is now measuring data pertaining to its carbon emissions in real time, the Solana Foundation announced today. Its a claimed first-of-its-kind move for ""a major smart contract blockchain network."" Smart contracts hold the code that powers decentralized",https://biztoc.com/x/f0091e385510f735,1682078646,"Solana is now measuring data pertaining to its carbon emissions in real time, the Solana Foundation announced today. Its a claimed first-of-its-kind move for ""a major smart contract blockchain networ [+321 chars]"
25,Solana Now Measures Network Carbon Emissions Data in Real Time,Decrypt,"The Solana Foundation claims that it is the first ""major smart contract blockchain network"" to broadcast its environmental impact as such.",https://decrypt.co/137441/solana-now-measures-network-carbon-emissions-data-in-real-time,1682078462,"Solana is now measuring data pertaining to its carbon emissions in real time, the Solana Foundation announced today. Its a claimed first-of-its-kind move for ""a major smart contract blockchain networ [+5755 chars]"
26,The Bitcoin Culture War Wont Win Mass Adoption,Bitcoin Magazine,"Prominent Bitcoiners, many of whom advocate lifestyle maximalism, may be hurting adoption by leaning in one political direction.",https://bitcoinmagazine.com/culture/why-does-bitcoin-culture-skew-right,1682078400,"This is an opinion editorial by Trey Walsh, the senior director for youth programs at the MassHire Metro North Workforce Board in Somerville, Massachusetts.
Since its inception in 2009, Bitcoin has  [+16666 chars]"
27,"Bitcoin Fans Salute Billionaire Saylor, $0.006 at a Time",Biztoc.com,Michael Saylor has netted literally dollars worth of bitcoin ever since MicroStrategy adopted the Lightning Network. #michaelsaylor #lightningnetwork,https://biztoc.com/x/52be19cc5f6c5133,1682078289,"Michael Saylor has netted literally dollars worth of bitcoin ever since MicroStrategy adopted the Lightning Network. 
#michaelsaylor#lightningnetwork
 This story appeared on blockworks.co, 2023-04- [+2 chars]"
28,"wMarket Update: Another red day sees Bitcoin lose $28,000",Biztoc.com,"Over the last 24 hours, the cryptocurrency market cap saw net outflows of $29.6 billion and currently stands at $1.18 trillion  down 2.4% from $1.22 trillion. During the reporting period, Bitcoin and Ethereums market caps fell 3% and 2.1% to $541.93 billio",https://biztoc.com/x/bb8023ea5676379e,1682078168,"Over the last 24 hours, the cryptocurrency market cap saw net outflows of $29.6 billion and currently stands at $1.18 trillion down 2.4% from $1.22 trillion.During the reporting period, Bitcoin and E [+303 chars]"
29,Yo!Mix: A seamless Bitcoin Mixer making crypto transactions anonymous,Biztoc.com,"Bitcoin Mixer as new as it sounds is nothing but a set of tools or services enabling anonymity to the king coin, Bitcoin. The platform serves the purpose of terminating the connection between addresses inside the blockchain thereby, complicating the carrying ",https://biztoc.com/x/00e770725d65b23e,1682078046,"Bitcoin Mixer as new as it sounds is nothing but a set of tools or services enabling anonymity to the king coin, Bitcoin. The platform serves the purpose of terminating the connection between address [+314 chars]"
30,Coinbase Stock: Bull vs. Bear,Motley Fool,"After plunging last year, is the crypto exchange a buy right now?",https://www.fool.com/investing/2023/04/21/coinbase-stock-bull-vs-bear/,1682077800,"Coinbase Global (COIN -6.11%) was one of many cryptocurrency stocks to win the hearts and minds of investors during the crypto boom in 2021.
But that boom went bust, and shares of Coinbase, a leadin [+4314 chars]"
31,Bitcoin Options Specialist Bitnomial Rolling out Block Trades,Biztoc.com,"Bitcoin-focused derivatives exchange Bitnomial is rolling out block trading for the first time in an industry bid to capitalize on a long time traditional finance practice, as US institutional interest in bitcoin and ether options has booked a marked uptick. ",https://biztoc.com/x/856714fadb0ba95c,1682077687,"Bitcoin-focused derivatives exchange Bitnomial is rolling out block trading for the first time in an industry bid to capitalize on a long time traditional finance practice, as US institutional intere [+290 chars]"
32,"Crypto Analytics Platform Santiment Issues Warning, Says One Bitcoin Metric Flashing a Concerning Signal",Biztoc.com,"A leading crypto analytics firm is warning that one key metric is flashing bearish for the top crypto by market cap Bitcoin (BTC). Santiment says that Bitcoins funding rate may be on the verge of turning negative, which would indicate a market downtrend. Cry",https://biztoc.com/x/c8bfaa3ba0864073,1682077578,A leading crypto analytics firm is warning that one key metric is flashing bearish for the top crypto by market cap Bitcoin (BTC).Santiment says that Bitcoins funding rate may be on the verge of turn [+278 chars]
33,"Crypto Analytics Platform Santiment Issues Warning, Says One Bitcoin Metric Flashing a Concerning Signal",The Daily Hodl,"A leading crypto analytics firm is warning that one key metric is flashing bearish for the top crypto by market cap Bitcoin (BTC). Santiment says that Bitcoins funding rate may be on the verge of turning negative, which would indicate a market downtrend. Cry",https://dailyhodl.com/2023/04/21/crypto-analytics-platform-santiment-issues-warning-says-one-bitcoin-metric-flashing-a-concerning-signal/,1682077558,"A leading crypto analytics firm is warning that one key metric is flashing bearish for the top crypto by market cap Bitcoin (BTC).
Santiment says that Bitcoins funding rate may be on the verge of tu [+2128 chars]"
34,"CryptoSlate wMarket Update: Another red day sees Bitcoin lose $28,000",CryptoSlate,"Over the last 24 hours, the cryptocurrency market cap saw net outflows of $29.6 billion and currently stands at $1.18 trillion  down 2.4% from $1.22 trillion. During the reporting period, Bitcoin and Ethereums market caps fell 3% and 2.1% to $541.93 billio",https://cryptoslate.com/cryptoslate-wmarket-update-another-red-day-sees-bitcoin-lose-28000/,1682077551,"Over the last 24 hours, the cryptocurrency market cap saw net outflows of $29.6 billion and currently stands at $1.18 trillion down 2.4% from $1.22 trillion.
During the reporting period, Bitcoin and [+3374 chars]"
35,Yo!Mix: A seamless Bitcoin Mixer making crypto transactions anonymous,Ambcrypto.com,Bitcoin Mixer as new as it sounds is nothing but a set of tools or [],https://ambcrypto.com/yomix-a-seamless-bitcoin-mixer-making-crypto-transactions-anonymous/,1682077506,"Bitcoin Mixer as new as it sounds is nothing but a set of tools or services enabling anonymity to the king coin, Bitcoin. The platform serves the purpose of terminating the connection between address [+5939 chars]"
36,"Why Does the NYT Disparage the Bitcoin Mining Industry, but Avoid Analyzing the Carbon Footprint of the US Dollar System? You may already know the answer:",Biztoc.com,"If you liked reading this, feel free to click the  button on this issue so more people can discover it on Substack . The Proof-of-Work that makes the Bitcoin system unique and superior would be an environmental disaster to listen to the powerful of the curr",https://biztoc.com/x/9645d4b3ade922e0,1682077446,"If you liked reading this, feel free to click the button on this issue so more people can discover it on Substack .The Proof-of-Work that makes the Bitcoin system unique and superior would be an envi [+296 chars]"
37,"'Rich Dad, Poor Dad' Author Says Bitcoin On Its Way To $100K",Biztoc.com,"Bitcoin's BTC/USD ascent over the years was observed by the ""Rich Dad, Poor Dad"" author Robert Kiyosaki who developed an affection for the apex coin. What Happened: Kiyosaki shared why he loves Bitcoin on Twitter on Thursday. The best-selling author and finan",https://biztoc.com/x/dec8569a82fc01ed,1682076966,"Bitcoin's BTC/USD ascent over the years was observed by the ""Rich Dad, Poor Dad"" author Robert Kiyosaki who developed an affection for the apex coin.What Happened: Kiyosaki shared why he loves Bitcoi [+316 chars]"
38,"Bitcoin's Dominance Rate Runs Into Familiar Resistance, Hints at 'Altcoin Season' Ahead",CoinDesk,"Bitcoin's dominance rate is again stuck at 48%, suggesting a potential for ""altcoin boom"" in weeks ahead.",https://www.coindesk.com/markets/2023/04/21/bitcoins-dominance-rate-runs-into-familiar-resistance-hints-at-altcoin-season-ahead/,1682076089,"The increase in bitcoin's (BTC) dominance rate, or the largest cryptocurrency's share of the market, has halted, hinting at the potential outperformance of alternative tokens (altcoins) ahead.
Data  [+1498 chars]"
39,Russian Central Bank Plans to Allow Cryptocurrency Mining for Cross-Border Deals,Biztoc.com,"Russian Central Bank Plans to Allow Cryptocurrency Mining for Cross-Border Deals The Global Crypto Market Cap is down by 1.87% to $1.19T at the time of writing this article. Over the past 24 hours, the overall volume of the Cryptocurrency Market has decreased",https://biztoc.com/x/5c5684bff32d57e0,1682075767,"Russian Central Bank Plans to Allow Cryptocurrency Mining for Cross-Border DealsThe Global Crypto Market Cap is down by 1.87% to $1.19T at the time of writing this article. Over the past 24 hours, th [+296 chars]"
40,20k BTC reenters exchanges following largest Bitcoin long liquidation event this year,Biztoc.com,"Quick Take In the past two weeks, exchanges have seen roughly 20,000 Bitcoin (BTC) put back onto exchanges. Bitcoin hit a local top of $30,000, and has descended below $28,000, which has seen a lot of sell pressure on top of the biggest long liquidation event",https://biztoc.com/x/6c4351f6ee23ce4c,1682075649,"Quick TakeIn the past two weeks, exchanges have seen roughly 20,000 Bitcoin (BTC) put back onto exchanges.Bitcoin hit a local top of $30,000, and has descended below $28,000, which has seen a lot of  [+246 chars]"
41,"Vinanz raises GBP755,000 in IPO, buys Bitcoin assets from Valereum",Marketscreener.com,"(marketscreener.com) Vinanz Ltd on Friday said it began trading on AQSE in London, after raising GBP775,000 at its initial public offering, and also bought Bitcoin mining assets from Valereum PLCVinanz is a company aiming to build a Bitcoin mining operation",https://www.marketscreener.com/quote/stock/PCG-ENTERTAINMENT-PLC-19156922/news/Vinanz-raises-GBP755-000-in-IPO-buys-Bitcoin-assets-from-Valereum-43602127/?utm_medium=RSS&utm_content=20230421,1682075171,"(Alliance News) - Vinanz Ltd on Friday said it began trading on AQSE in London, after raising GBP775,000 at its initial public offering, and also bought Bitcoin mining assets from Valereum PLC
Vinan [+1095 chars]"
42,Bitcoin soccer club Real Bedford FC wins the league,Biztoc.com,"The so-called Bitcoin (BTC) soccer team, Real Bedford Football Club, has won the United Kingdoms South Midlands League for the 2023 season. Fans from all over the world, from Vancouver to Beijing, flew in to watch the last home game and see the trophy raised",https://biztoc.com/x/06ec4c3dee1c4694,1682074930,"The so-called Bitcoin (BTC) soccer team, Real Bedford Football Club, has won the United Kingdoms South Midlands League for the 2023 season.Fans from all over the world, from Vancouver to Beijing, fle [+326 chars]"
43,Stronghold Digital Mining Announces $10 Million Private Placement to Fund Purchase of Bitcoin Miners,Marketscreener.com,"(marketscreener.com) NEW YORK, April 21, 2023 -- Stronghold Digital Mining, Inc. today announced that it has entered into securities purchase agreements with an institutional investor and the Companys chairman and chief executive officer, Greg Beard , to sel",https://www.marketscreener.com/quote/stock/STRONGHOLD-DIGITAL-MINING-128408809/news/Stronghold-Digital-Mining-Announces-10-Million-Private-Placement-to-Fund-Purchase-of-Bitcoin-Miners-43602095/?utm_medium=RSS&utm_content=20230421,1682074921,"NEW YORK, April 21, 2023 (GLOBE NEWSWIRE) -- Stronghold Digital Mining, Inc. (NASDAQ: SDIG) (Stronghold, or the Company) today announced that it has entered into securities purchase agreements wi [+5060 chars]"
44,20k BTC reenters exchanges following largest Bitcoin long liquidation event this year,CryptoSlate,"Quick Take In the past two weeks, exchanges have seen roughly 20,000 Bitcoin (BTC) put back onto exchanges. Bitcoin hit a local top of $30,000, and has descended below $28,000, which has seen a lot of sell pressure on top of the biggest long liquidation event",https://cryptoslate.com/insights/20k-btc-reenters-exchanges-following-largest-bitcoin-long-liquidation-event-this-year/,1682074832,"What is CryptoSlate Alpha?
A web3 membership designed to empower you with cutting-edge insights and knowledge. Learn more 
Connected to Alpha
Welcome! You are connected to CryptoSlate Alpha. To m [+972 chars]"
45,Trading Volume Reflects Bear Market Amid Shift to New Stablecoin,Biztoc.com,"Binances BUSD-TrueUSD (TUSD) pair dominates Bitcoin (BTC) volume, accounting for 50% of all BTC trading as reintroduced fees tank other pairs trading volumes. Research firm Kaiko revealed that Binances BTC-TUSD trading volume grew to $60 million per hour s",https://biztoc.com/x/6e862de7f15e0b70,1682074806,"Binances BUSD-TrueUSD (TUSD) pair dominates Bitcoin (BTC) volume, accounting for 50% of all BTC trading as reintroduced fees tank other pairs trading volumes.Research firm Kaiko revealed that Binance [+322 chars]"
46,Stronghold Digital Mining Announces $10 Million Private Placement to Fund Purchase of Bitcoin Miners,Yahoo Entertainment,"NEW YORK, April 21, 2023 (GLOBE NEWSWIRE) -- Stronghold Digital Mining, Inc. (NASDAQ: SDIG) (Stronghold, or the Company) today announced that it has...",https://finance.yahoo.com/news/stronghold-digital-mining-announces-10-110000269.html,1682074800,"Stronghold Digital Mining, Inc.
NEW YORK, April 21, 2023 (GLOBE NEWSWIRE) -- Stronghold Digital Mining, Inc. (NASDAQ: SDIG) (Stronghold, or the Company) today announced that it has entered into secu [+5042 chars]"
47,"OKB Token up 14%, Here's Likely Reason",Biztoc.com,"OKB is expanding its inherent sentiment that it is one of the best performing exchange tokens around as it is defying gravity at a time when the prices of most digital currencies are slipping. For OKB, the 2.6% daily growth has only complemented the more than",https://biztoc.com/x/1c1c87a3ca8001a3,1682074566,OKB is expanding its inherent sentiment that it is one of the best performing exchange tokens around as it is defying gravity at a time when the prices of most digital currencies are slipping. For OK [+271 chars]
48,"OKB Token up 14%, Here's Likely Reason",U.Today,OKX is on track to host Sui Network tokensale for holders of OKB,https://u.today/okb-token-up-14-heres-likely-reason,1682074260,Disclaimer: The opinion expressed here is not investment advice it is provided for informational purposes only. It does not necessarily reflect the opinion of U.Today. Every investment and all tradin [+2104 chars]
49,How High Could XRP Rise by 2025 if Ripple Wins Lawsuit Against the SEC?,Biztoc.com,"Ripples native token XRP is hovering around the $0.47 mark after reaching a yearly high of $0.57 last month. XRP surged in price after Bitcoin and Ethereum climbed above $30,000 and $1,900 respectively. However, XRP began sliding in the indices as investors ",https://biztoc.com/x/223c3da5711784fe,1682073846,"Ripples native token XRP is hovering around the $0.47 mark after reaching a yearly high of $0.57 last month. XRP surged in price after Bitcoin and Ethereum climbed above $30,000 and $1,900 respective [+304 chars]"
50,Ark's Cathie Wood once again hypes Tesla,Biztoc.com,"Ark Invest's Cathie Wood. Photo by Marco Bello/Getty Images Famed money manager Cathie Wood has made an eye-popping prediction about Tesla, once again. The Ark Invest CEO said the electric vehicle-maker's stock could hit $2,000 by 2027 on a robotaxi boom, per",https://biztoc.com/x/7a7bbff5892b44f5,1682073727,"Ark Invest's Cathie Wood.Photo by Marco Bello/Getty ImagesFamed money manager Cathie Wood has made an eye-popping prediction about Tesla, once again. The Ark Invest CEO said the electric vehicle-make [+290 chars]"
51,These 5 Altcoins Saw Gains This Week Despite the Crypto Market Downturn,Biztoc.com,"BeInCrypto looks at five altcoins that increased the most in this weeks crypto market, specifically from April 14 to 21. The term altcoin refers to cryptocurrencies other than Bitcoin (BTC). These bullish altcoins have stolen the crypto news and cryptocurren",https://biztoc.com/x/00cd5586bf26651f,1682073127,"BeInCrypto looks at five altcoins that increased the most in this weeks crypto market, specifically from April 14 to 21.The term altcoin refers to cryptocurrencies other than Bitcoin (BTC). These bul [+306 chars]"
52,Rich Dad Robert Kiyosaki outlines why he loves Bitcoin and says BTC to $100k,Biztoc.com,"Robert Kiyosaki, the world-renowned investor and author of the best-selling personal finance book, Rich Dad Poor Dad, has once again voiced his support for Bitcoin (BTC). In a tweet on April 21, he declared his love for the worlds largest cryptocurrency, c",https://biztoc.com/x/846d193a49dc8352,1682073007,"Robert Kiyosaki, the world-renowned investor and author of the best-selling personal finance book, Rich Dad Poor Dad, has once again voiced his support for Bitcoin (BTC).In a tweet on April 21, he de [+290 chars]"
53,"Bitcoin Drops to $28,000 as Macro Pressures Bite",Biztoc.com,"Bitcoin's price continued its downturn for a third day, dropping below $28,000 briefly on the morning of April 21. The last trading price of Bitcoin, per CoinGecko data, was $28,070, down 2.7% over the last 24 hours. Bitcoins decline dragged the rest of the ",https://biztoc.com/x/d8b2c13c4d1754f1,1682072769,"Bitcoin's price continued its downturn for a third day, dropping below $28,000 briefly on the morning of April 21. The last trading price of Bitcoin, per CoinGecko data, was $28,070, down 2.7% over t [+283 chars]"
54,Ric Edelman Unplugged,thereformedbroker.com,Welcome to the latest episode of The Compound & Friends....The post Ric Edelman Unplugged appeared first on The Reformed Broker.,https://thereformedbroker.com/2023/04/21/ric-edelman-unplugged/,1682072666,"Welcome to the latest episode of The Compound &amp; Friends. This week, Michael Batnick, Ben Carlson, Ric Edelman, and Downtown Josh Brown discuss regulators vs Bitcoin, advice for financial advisors [+1318 chars]"
55,Rich Dad Robert Kiyosaki outlines why he loves Bitcoin and says BTC to $100k,Finbold.com,"Robert Kiyosaki, the world-renowned investor and author of the best-selling personal finance book, Rich Dad Poor Dad, has once again  ContinuedThe post Rich Dad Robert Kiyosaki outlines why he loves Bitcoin and says BTC to $100k appeared first on Finbol",https://finbold.com/rich-dad-robert-kiyosaki-outlines-why-he-loves-bitcoin-and-says-btc-to-100k/,1682072166,"Robert Kiyosaki, the world-renowned investor and author of the best-selling personal finance book, Rich Dad Poor Dad, has once again voiced his support for Bitcoin (BTC).
In a tweet on April 21, he  [+2336 chars]"
56,"Can Bitcoin Reach $100,000?",Motley Fool,The world's top cryptocurrency is already in bull market territory this year.,https://www.fool.com/investing/2023/04/21/can-bitcoin-reach-100000/,1682072100,To say that Bitcoin(BTC -0.75%) has been on a tear in 2023 would be an understatement: The world's leading cryptocurrency is up more than 70% so far this year as of April 20. This gain not only easil [+3848 chars]
57,"Bitcoin Drops to $28,000 as Marco Pressures Bite",Decrypt,"The crypto markets negative streak continued as prices dipped for a third consecutive day, with Bitcoin briefly slipping below $28,000.",https://decrypt.co/137449/bitcoin-drops-to-28000-as-marco-pressures-bite,1682072092,"Bitcoin's price continued its downturn for a third day, dropping below $28,000 briefly on the morning of April 21. The last trading price of Bitcoin, per CoinGecko data, was $28,070, down 2.7% over t [+1719 chars]"
58,"'BTC to $100,000': 'Rich Dad Poor Dad' Author Makes Bold Bitcoin Price Prediction",Biztoc.com,"Bestselling author of ""Rich Dad Poor Dad,"" Robert Kiyosaki, has made a bold prediction that Bitcoin's price will reach $100,000. In a recent tweet, Kiyosaki shared his love for Bitcoin, citing its independence from government and financial institutions as one",https://biztoc.com/x/1ecc799f8688f423,1682072050,"Bestselling author of ""Rich Dad Poor Dad,"" Robert Kiyosaki, has made a bold prediction that Bitcoin's price will reach $100,000. In a recent tweet, Kiyosaki shared his love for Bitcoin, citing its in [+263 chars]"
59,Is your bank account safe? Mass layoffs weaken cybersecurity across finance sector,Biztoc.com,"The recent wave of job cuts has sliced into the talent pool of professionals in the cybersecurity industry, opening a door in the finance sector between cybercrooks and the full array of someones online accounts. From banking, trading and investing to the em",https://biztoc.com/x/85a17e6113e362a0,1682072046,"The recent wave of job cuts has sliced into the talent pool of professionals in the cybersecurity industry, opening a door in the finance sector between cybercrooks and the full array of someones onl [+300 chars]"
60,Bitcoin's Biggest Problem,Biztoc.com,"bitcoin #crypto #cryptocurrencies Consider dropping a like if you enjoyed the video! Check out our sponsor, LimeWire: ...",https://biztoc.com/x/1f27db68e191cd0d,1682071935,"bitcoin #crypto #cryptocurrencies Consider dropping a like if you enjoyed the video! Check out our sponsor, LimeWire: ... 
 This story appeared on youtube.com, 2023-04-21."
61,BITCOIN MASSIVE BULL RUN ,Biztoc.com,bitcoin #bitcoinhalving #bullmarket #themoon #carlrunefelt.,https://biztoc.com/x/65bd15afb4bb7582,1682071934,"bitcoin #bitcoinhalving #bullmarket #themoon #carlrunefelt. 
 This story appeared on youtube.com, 2023-04-21."
62,BRICS COUNTRIES BUYING UP ALL GOLD!!! Gold-Backed Currency launching 2023... Buy Bitcoin,Biztoc.com,Moralis Money: https://moralismoney.com Bybit $30'000 Starter Bonus: https://partner.bybit.com/b/startnow TAP ...,https://biztoc.com/x/c27d1a87e88a5920,1682071933,"Moralis Money: https://moralismoney.com Bybit $30'000 Starter Bonus: https://partner.bybit.com/b/startnow TAP ... 
 This story appeared on youtube.com, 2023-04-21."
63,"Bitcoin, Ether decline; equities fall amid U.S.-China tension",Biztoc.com,"Bitcoin and Ether fell by the end of Asian trading hours on Friday afternoon, together with all top 10 non-stablecoin cryptocurrencies by market capitalization apart from the BNB token. Asian equities declined along with U.S. futures, amid mounting political ",https://biztoc.com/x/6ab30337a54dc010,1682071929,"Bitcoin and Ether fell by the end of Asian trading hours on Friday afternoon, together with all top 10 non-stablecoin cryptocurrencies by market capitalization apart from the BNB token. Asian equitie [+312 chars]"
64,"Analysts Warns of Crypto Market Top As FOMO Hits Bitcoin, Ether",ZyCrypto,"Bitcoin has been on a tear since the beginning of the year, recouping over half of the losses incurred during the 2021-2022 bear cycle.",https://zycrypto.com/analysts-warns-of-crypto-market-top-as-fomo-hits-bitcoin-ether/,1682071612,"Bitcoin has been on a tear since the beginning of the year, recouping over half of the losses incurred during the 2021-2022 bear cycle.
Last week, the worlds most popular cryptocurrency rose as high [+2608 chars]"
65,"'BTC to $100,000': 'Rich Dad Poor Dad' Author Makes Bold Bitcoin Price Prediction",U.Today,Bestselling author Robert Kiyosaki shares triple-digit Bitcoin price prediction,https://u.today/btc-to-100000-rich-dad-poor-dad-author-makes-bold-bitcoin-price-prediction,1682071440,Disclaimer: The opinion expressed here is not investment advice it is provided for informational purposes only. It does not necessarily reflect the opinion of U.Today. Every investment and all tradin [+1823 chars]
66,"Bitcoin, Ether decline; equities fall amid U.S.-China tension",Forkast.news,"Bitcoin and Ether fell by the end of Asian trading hours on Friday afternoon, together with all top 10 non-stablecoin cryptocurrencies by market capitalization apart from the BNB token. Asian equities declined along with U.S. futures, amid mounting political ",https://forkast.news/headlines/markets-bitcoin-ether-decline-equities-fall-u-s-china-tension/,1682071304,"Bitcoin and Ether fell by the end of Asian trading hours on Friday afternoon, together with all top 10 non-stablecoin cryptocurrencies by market capitalization apart from the BNB token. Asian equitie [+3081 chars]"
67,Newly Passed Texas Bill Will Boost Accountability Of Cryptocurrency Exchanges,Bitcoinist,"It has been quite an interesting week for the crypto industry as major cryptocurrency exchanges, including Binance and Coinbase, took a spotlight in the news. While news of digital asset regulations has lingered for a while, the House of Representatives in Te",https://bitcoinist.com/texas-bill-boost-accountability-cryptocurrency/,1682071247,"It has been quite an interesting week for the crypto industry as major cryptocurrency exchanges, including Binance and Coinbase, took a spotlight in the news. While news of digital asset regulations  [+3300 chars]"
68,Gary Genslers creation of confusion is a toe-curling problem for crypto,City A.M.,Jason Deane explains why he's still unfurling his toes after watching a particularly painful episode of the Gary Gensler Show.The post Gary Genslers creation of confusion is a toe-curling problem for crypto appeared first on CityAM.,https://www.cityam.com/gary-genslers-creation-of-confusion-is-a-toe-curling-problem-for-crypto/,1682070813,"Friday 21 April 2023 10:53 am
The week in review
with Jason Deane
The Easter break may have slowed the news down, but crypto, of course, never sleeps. There have been a whole host of eventful mome [+8261 chars]"
69,"Ark's Cathie Wood once again hypes Tesla  expecting her darling stock to hit $2,000 in five years thanks to a robotaxi boom",Business Insider,"Cathie Wood said Tesla stock could hit $2,000 by 2027 thanks to a robotaxi boom, marking a 1,127% surge from the carmaker's current share price.",https://markets.businessinsider.com/news/stocks/cathie-wood-tesla-outlook-stock-could-hit-2000-by-2027-2023-4,1682070418,"Ark Invest's Cathie Wood.Photo by Marco Bello/Getty Images
<ul>
<li>Famed money manager Cathie Wood has made an eye-popping prediction about Tesla, once again.</li>
<li>The Ark Invest CEO said the  [+2162 chars]"
70,Bitcoin is up 72% in 2023. Is crypto winter finally over?,Biztoc.com,"A regulatory crackdown, a banking collapse, and persistent inflation seemingly would spell trouble for the health of the crypto industry, but Bitcoin, Ether, and other marquee tokens have skyrocketed since the beginning of 2023. Bitcoin, the largest cryptocur",https://biztoc.com/x/3403c31c718ea8bc,1682069887,"A regulatory crackdown, a banking collapse, and persistent inflation seemingly would spell trouble for the health of the crypto industry, but Bitcoin, Ether, and other marquee tokens have skyrocketed [+313 chars]"
71,Should Have Used Bitcoin: $15M of Gold and Assets Pilfered From Toronto Airport,Biztoc.com,"This week, an aviation cargo container containing an estimated $15 million in gold and valuables reportedly went missing from Torontos Pearson International Airport. Could they have transferred this value with digital gold or Bitcoin instead? According to ",https://biztoc.com/x/97f9b3a801a83dca,1682069765,"This week, an aviation cargo container containing an estimated $15 million in gold and valuables reportedly went missing from Torontos Pearson International Airport. Could they have transferred this  [+317 chars]"
72,Crypto Stocks Take Hit as Bitcoin Retraces to $28K,Biztoc.com,"Coinspeaker Crypto Stocks Take Hit as Bitcoin Retraces to $28K Crypto stocks fell amid a recorded retracement of the leading digital currency, Bitcoin (BTC). The largest crypto by market cap is changing hands around the $28K threshold after hitting $31K less ",https://biztoc.com/x/29f8d7203473095e,1682069647,"CoinspeakerCrypto Stocks Take Hit as Bitcoin Retraces to $28KCrypto stocks fell amid a recorded retracement of the leading digital currency, Bitcoin (BTC). The largest crypto by market cap is changin [+320 chars]"
73,Bloomberg Analyst Mike McGlone Very Bullish on Bitcoin Amid 90% BTC Rally This Year,Biztoc.com,"Senior Bloomberg commodities analyst Mike McGlone is saying Bitcoins (BTC) prospects over the long term look promising. In a new Stansberry Research interview, McGlone says that he is very bullish on Bitcoin but warns that risk assets such as the flagship ",https://biztoc.com/x/d757f2271a12177d,1682069167,"Senior Bloomberg commodities analyst Mike McGlone is saying Bitcoins (BTC) prospects over the long term look promising.In a new Stansberry Research interview, McGlone says that he is very bullish on  [+307 chars]"
74,Bloomberg Analyst Mike McGlone Very Bullish on Bitcoin Amid 90% BTC Rally This Year  But Theres a Catch,The Daily Hodl,"Senior Bloomberg commodities analyst Mike McGlone is saying Bitcoins (BTC) prospects over the long term look promising. In a new Stansberry Research interview, McGlone says that he is very bullish on Bitcoin but warns that risk assets such as the flagship ",https://dailyhodl.com/2023/04/21/bloomberg-analyst-mike-mcglone-says-very-bullish-on-bitcoin-amid-90-btc-rally-this-year-but-theres-a-catch/,1682068509,"Senior Bloomberg commodities analyst Mike McGlone is saying Bitcoins (BTC) prospects over the long term look promising.
In a new Stansberry Research interview, McGlone says that he is very bullish o [+2135 chars]"
75,Bitcoin Is Tumbling on Regulatory Pressures,Barron's,Fears over the regulatory backdrop are pressuring cryptos. Skewed positioning in the Bitcoin futures market could fuel further declines.,https://www.barrons.com/articles/bitcoin-crypto-markets-today-a5b4c091,1682068266,"Bitcoin
 and other cryptocurrencies were falling Friday as regulatory pressures weighed on sentiment. Crypto traders remain bullishbut big bets on a rebound may only hurt prices in the short-term.Th [+1579 chars]"
76,ETH on exchanges at 5-year low as capital continues to flee crypto,Biztoc.com,"Key Takeaways Only 15% of ETH is on exchanges, the lowest number in 5 years Drop has been swift since staking opened up in late 2020 Bitcoin and stablecoins have also fled exchanges, meaning liqudiity is thin Volatility has risen as a result, with aggressive ",https://biztoc.com/x/079cf337bf53c36d,1682068086,"Key TakeawaysOnly 15% of ETH is on exchanges, the lowest number in 5 years Drop has been swift since staking opened up in late 2020Bitcoin and stablecoins have also fled exchanges, meaning liqudiity  [+302 chars]"
77,Don't believe everything you hear about money | Paul Fain,Knoxville News Sentinel,"Financial security and financial freedom require financial literacy, discipline, patience and sometimes courage.",https://www.knoxnews.com/story/money/columnists/paul-fain/2023/04/21/paul-fain-dont-believe-everything-you-hear-about-money/70126711007/,1682068016,"""I love money. I love everything about it. I bought some pretty good stuff. Got me a $300 pair of socks. Got a fur sink. An electric dog polisher. A gasoline-powered turtleneck sweater. And, of cours [+3285 chars]"
78,Bitcoin price fills CME futures gap but forecasts say $25K may be next,Biztoc.com,"hit new intraday lows on April 21 as traders warned that $25,000 might come next. Data from Cointelegraph Markets Pro and TradingView showed BTC/USD struggling to preserve $28,000 as support on Bitstamp. The pair looked weak, in the words of one analyst, as",https://biztoc.com/x/21bfbff63cfe3ea8,1682067966,"hit new intraday lows on April 21 as traders warned that $25,000 might come next.Data from Cointelegraph Markets Pro and TradingView showed BTC/USD struggling to preserve $28,000 as support on Bitsta [+299 chars]"
79,ETH on exchanges at 5-year low as capital continues to flee crypto,Coinjournal.net,"Key Takeaways Only 15% of ETH is on exchanges, the lowest number in 5 years Drop has been swift since staking opened up in late 2020 Bitcoin and stablecoins have also fled exchanges, meaning liqudiity is thin Volatility has risen as a result, with aggressive",https://coinjournal.net/news/eth-on-exchanges-at-5-year-low-as-capital-continues-to-flee-crypto/,1682067811,"Key Takeaways
<ul><li>Only 15% of ETH is on exchanges, the lowest number in 5 years</li><li>Drop has been swift since staking opened up in late 2020</li><li>Bitcoin and stablecoins have also fled e [+3668 chars]"
80,Bitcoin Is Tumbling. Crypto Traders Are Still Bullish but That Might Only Dent Prices,Biztoc.com,Fears over the regulatory backdrop are pressuring cryptos. Skewed positioning in the Bitcoin futures market could fuel further declines. #bitcoin,https://biztoc.com/x/b444ecf1e52d5876,1682067734,"Fears over the regulatory backdrop are pressuring cryptos. Skewed positioning in the Bitcoin futures market could fuel further declines. 
#bitcoin
 This story appeared on barrons.com, 2023-04-21."
81,"Stocks struggle, dollar gains as investors scrutinise data",Marketscreener.com,(marketscreener.com) Global stocks struggled onFriday as investors pored over economic data for clues on thelikelihood of more interest rate hikes and possible recession inthe United States as a new earnings season unfolded. The dollar edged up and looked,https://www.marketscreener.com/quote/stock/TESLA-INC-6344549/news/Stocks-struggle-dollar-gains-as-investors-scrutinise-data-43599293/?utm_medium=RSS&utm_content=20230421,1682067194,"*
Dollar set for first weekly gain in a month
*
Oil heads for hefty weekly loss
*
Euro zone PMI jumps unexpectedly, hides mixed picture
*
U.S. PMIs also due later in the day
LONDON, April 21  [+4335 chars]"
82,Crypto Markets Lost $90B in 2 Days as BTC Slips Below $28K: Market Watch,Biztoc.com,"Bitcoins price drops continued in the past 24 hours, with the asset falling below $28,000 for the first time since April 9. The altcoins are also deep in the red. The total market cap has lost almost $90 billion in the past two days. Bitcoin was trading side",https://biztoc.com/x/92eed25b42b38e34,1682067008,"Bitcoins price drops continued in the past 24 hours, with the asset falling below $28,000 for the first time since April 9.The altcoins are also deep in the red. The total market cap has lost almost  [+294 chars]"
83,AXS Nurses Losses as Axie Infinity's $156M Token Unlock Looms,CoinDesk,"Token unlocks are widely seen as bearish catalysts. However, the latest price drop probably stems from a wider market swoon.",https://www.coindesk.com/markets/2023/04/21/axs-nurses-losses-as-axie-infinitys-156m-token-unlock-looms/,1682065872,"Axie Infinity's AXS cryptocurrency is nursing losses ahead of Sunday's planned unlocking of millions of dollars worth of the blockchain-based, play-to-earn project's tokens.
At press time, the AXS p [+1927 chars]"
84,Dormant Bitcoin Wallet Linked to Mt Gox Saga Moves $60 Million for the First Time Since 2013,Biztoc.com,"According to onchain data, a bitcoin whale address transferred 2,071.5 bitcoin, worth approximately $60 million, after remaining dormant since December 19, 2013. Interestingly, this bitcoin address is linked to two wallets that sent 10,000 bitcoin last summer",https://biztoc.com/x/88e9d740e88e8575,1682065686,"According to onchain data, a bitcoin whale address transferred 2,071.5 bitcoin, worth approximately $60 million, after remaining dormant since December 19, 2013. Interestingly, this bitcoin address i [+297 chars]"
85,"Bitcoin falls to near US$28,000, Ether flat, U.S. equities slide on rate hike worries",Biztoc.com,"Bitcoin fell to near US$28,000 on Friday morning in Asia, with Ether trading flat and most other top 10 non-stablecoin cryptocurrencies losing steam. Dogecoin led the losers. The slide comes amid broader concerns about liquidity and the direction of the U.S. ",https://biztoc.com/x/d62c15bbe2909b3e,1682065684,"Bitcoin fell to near US$28,000 on Friday morning in Asia, with Ether trading flat and most other top 10 non-stablecoin cryptocurrencies losing steam. Dogecoin led the losers. The slide comes amid bro [+322 chars]"
86,Exploring the Benefits of Blockchain Technology in Fraud Detection and Prevention,Finextra,"In todays digital landscape, there is a significant risk of data breaches, cyber thefts, and other ...",https://www.finextra.com/blogposting/24091/exploring-the-benefits-of-blockchain-technology-in-fraud-detection-and-prevention,1682065284,"In todays digital landscape, there is a significant risk of data breaches, cyber thefts, and other such frauds. Digital transformation has enabled fraudsters to find new lines of attack and exploit v [+8801 chars]"
87,"Bitcoin, Ethereum Nearing ~$1 Billion Worth Options Expiry",Biztoc.com,"have both fallen from their yearly highs of $30,979 and $2,129 respectively. Furthermore, both projects are getting close to witnessing a total of almost $1 billion worth of options expiry. Recent cryptocurrency derivatives trading has focused more on Ethereu",https://biztoc.com/x/9133735b288165ef,1682064610,"and Ethereum (ETH) have both fallen from their yearly highs of $30,979 and $2,129 respectively. Furthermore, both projects are getting close to witnessing a total of almost $1 billion worth of option [+322 chars]"
88,Revolutionising Bitcoin Mining: The Emergence of Hashrate Collectibles,Biztoc.com,"Bitcoin mining has faced increasing scrutiny in recent years due to its significant energy consumption and environmental impact. According to estimates, the energy consumption of the Bitcoin network exceeds that of entire countries, and the carbon footprint o",https://biztoc.com/x/45090a20516b3a12,1682064491,"Bitcoin mining has faced increasing scrutiny in recent years due to its significant energy consumption and environmental impact. According to estimates, the energy consumption of the Bitcoin network  [+278 chars]"
89,Price Shows Uptick as Latest Protocol Milestones Unveiled: Details,Biztoc.com,has joined the few altcoins with green upticks on the market today despite the fall of Bitcoin (BTC) and other top digital currencies. Ziliqa's impressive outlook stems from the revelation of its network performance based on a stat shared by Twitter user @inn,https://biztoc.com/x/252ca9207882e7ff,1682064486,has joined the few altcoins with green upticks on the market today despite the fall of Bitcoin (BTC) and other top digital currencies. Ziliqa's impressive outlook stems from the revelation of its net [+250 chars]
90,Revolutionising Bitcoin Mining: The Emergence of Hashrate Collectibles,Crypto Daily,"Bitcoin mining has faced increasing scrutiny in recent years due to its significant energy consumption and environmental impact. According to estimates, the energy consumption of the Bitcoin network exceeds that of entire countries, and the carbon footprint o",https://cryptodaily.co.uk/2023/04/revolutionising-bitcoin-mining-the-emergence-of-hashrate-collectibles,1682064064,"Bitcoin mining has faced increasing scrutiny in recent years due to its significant energy consumption and environmental impact. According to estimates, the energy consumption of the Bitcoin network  [+4724 chars]"
91,"Crypto Price Today: Bitcoin drops below $28,100k; Dogecoin, XRP shed up to 8%",The Times of India,"Bitcoin and Ethereum both suffered losses, with Bitcoin dropping 3.35% to $28,026 and Ethereum falling below the $1,950 level. Other major cryptocurrencies also traded lower, with Dogecoin declining by over 8%. The global cryptocurrency market cap decreased b",https://economictimes.indiatimes.com/markets/cryptocurrency/crypto-prices-today-live-news-bitcoin-dogecoin-ethereum-shibha-inu-cryptocurrency-latest-updates-21-april-2023/articleshow/99662475.cms,1682063707,"Most of the cryptocurrencies were trading in the red on Friday. Bitcoin (BTC) fell 3.35% to $28,026, whereas Ethereum (ETH) was below the $1,950 level.""Bitcoin dropped for the second consecutive sess [+2419 chars]"
92,"Bitcoin And Crypto Drop In Danger Zone, Whats Next?",Biztoc.com,"Bitcoin and the broader crypto market have taken harsh losses over the past two days. After the BTC price was still trading above the psychologically important $30,000 price mark on Tuesday, a sharp downward correction followed on Wednesday, dragging the enti",https://biztoc.com/x/a1cf32a6f514e327,1682062689,"Bitcoin and the broader crypto market have taken harsh losses over the past two days. After the BTC price was still trading above the psychologically important $30,000 price mark on Tuesday, a sharp  [+304 chars]"
93,"Ancient Bitcoin Whale Awakens, Abruptly Moves $60,700,000 in BTC at 4,258% Profit After Lying Low Since 2013",Biztoc.com,"A long-dormant Bitcoin (BTC) whale is suddenly awakening after lying low for over nine years, according to on-chain data. Blockchain tracker Lookonchain reveals that the address, which had previously transacted in December of 2013, has transferred 2,071.5 Bit",https://biztoc.com/x/8e79ea28b33509c1,1682062326,"A long-dormant Bitcoin (BTC) whale is suddenly awakening after lying low for over nine years, according to on-chain data.Blockchain tracker Lookonchain reveals that the address, which had previously  [+272 chars]"
94,Dogecoin price prediction amid a new rejection at $0.1,Biztoc.com,"Dogecoin is unable to break above the $0.1 resistance level It failed to rally in 2023 If Bitcoin gives up some of its 2023 gains, Dogecoin should retest the lows Dogecoin is the 9th cryptocurrency in terms of market capitalization, and it had quite a day yes",https://biztoc.com/x/b22daeba85d4691f,1682062207,"Dogecoin is unable to break above the $0.1 resistance levelIt failed to rally in 2023If Bitcoin gives up some of its 2023 gains, Dogecoin should retest the lowsDogecoin is the 9th cryptocurrency in t [+272 chars]"
95,Dogecoin price prediction amid a new rejection at $0.1,Coinjournal.net,"Dogecoin is unable to break above the $0.1 resistance level It failed to rally in 2023 If Bitcoin gives up some of its 2023 gains, Dogecoin should retest the lows Dogecoin is the 9th cryptocurrency in terms of market capitalization, and it had quite a day yes",https://coinjournal.net/news/dogecoin-price-prediction-amid-a-new-rejection-at-0-1/,1682061461,"Please be aware that some of the links on this site will direct you to the websites of third parties, some of whom are marketing affiliates and/or business partners of this site and/or its owners, op [+2173 chars]"
96,I'm Already Planning For 2024... Here's How  #shorts #cryptocurrency #youtubeshorts #bitcoin,Biztoc.com,Interested in Crypto Retirement Accounts? Check out iTrust Capital! https://itrust.capital/Bitboy Use this link to trade with us ... #itrustcapital,https://biztoc.com/x/d999ec9a10e6294c,1682061015,"Interested in Crypto Retirement Accounts? Check out iTrust Capital! https://itrust.capital/Bitboy Use this link to trade with us ... 
#itrustcapital
 This story appeared on youtube.com, 2023-04-21."
97,Prepare For The Great Crypto Reset,Biztoc.com,"Coinbase receives Bermuda license! Latest Solana news?! Let's discuss the latest cryptocurrency news for bitcoin, ethereum, ... #coinbase",https://biztoc.com/x/8deb8d0261179d9a,1682061011,"Coinbase receives Bermuda license! Latest Solana news?! Let's discuss the latest cryptocurrency news for bitcoin, ethereum, ... 
#coinbase
 This story appeared on youtube.com, 2023-04-20."
98,HODL,Biztoc.com,bitcoin #digitalmoney #financialfreedom #themoon #davincij15 #carlrunefelt.,https://biztoc.com/x/f5669ca0b54b7e6e,1682061010,"bitcoin #digitalmoney #financialfreedom #themoon #davincij15 #carlrunefelt. 
 This story appeared on youtube.com, 2023-04-20."
99,"NFA Live! Bitcoin, Ethereum, and more!",Biztoc.com,"Let's talk about #Bitcoin, #Ethereum, and more! 0:00 - NFA Live (4/20/23) 0:50 - Today's Program 1:49 - Gary Gensler(SEC)?",https://biztoc.com/x/fb380162db0c4294,1682061009,"Let's talk about #Bitcoin, #Ethereum, and more! 0:00 - NFA Live (4/20/23) 0:50 - Today's Program 1:49 - Gary Gensler(SEC)? 
 This story appeared on youtube.com, 2023-04-20."
